<?xml version="1.0" encoding="UTF-8" ?>
<!-- Generated by Oracle SOA Modeler version 12.2.1.3.0.170820 at [18/11/21 10:38 AM]. -->
<composite name="HelloProject"
           revision="1.0"
           label="2021-11-18_10-38-33_902"
           mode="active"
           state="on"
           xmlns="http://xmlns.oracle.com/sca/1.0"
           xmlns:xs="http://www.w3.org/2001/XMLSchema"
           xmlns:wsp="http://schemas.xmlsoap.org/ws/2004/09/policy"
           xmlns:orawsp="http://schemas.oracle.com/ws/2006/01/policy"
           xmlns:ui="http://xmlns.oracle.com/soa/designer/"
           xmlns:sca-ext="http://xmlns.oracle.com/sca/1.0-ext">
  <import namespace="http://xmlns.oracle.com/HelloProject/HelloProject/BPELProcess1" location="WSDLs/BPELProcess1.wsdl"
          importType="wsdl"/>
  <service name="bpelprocess1_client_ep" ui:wsdlLocation="WSDLs/BPELProcess1.wsdl">
    <interface.wsdl interface="http://xmlns.oracle.com/HelloProject/HelloProject/BPELProcess1#wsdl.interface(BPELProcess1)"/>
    <binding.ws port="http://xmlns.oracle.com/HelloProject/HelloProject/BPELProcess1#wsdl.endpoint(bpelprocess1_client_ep/BPELProcess1_pt)"/>
  </service>
  <property name="productVersion" type="xs:string" many="false">12.2.1.3.0.170820</property>
  <property name="compositeID" type="xs:string" many="false">16d361f6-2643-46d2-a92c-3afcfd6c0b22</property>
  <component name="BPELProcess1" version="2.0">
    <implementation.bpel src="BPEL/BPELProcess1.bpel"/>
    <componentType>
      <service name="bpelprocess1_client" ui:wsdlLocation="WSDLs/BPELProcess1.wsdl">
        <interface.wsdl interface="http://xmlns.oracle.com/HelloProject/HelloProject/BPELProcess1#wsdl.interface(BPELProcess1)"/>
      </service>
    </componentType>
    <property name="bpel.config.transaction" type="xs:string" many="false">required</property>
  </component>
  <wire>
    <source.uri>bpelprocess1_client_ep</source.uri>
    <target.uri>BPELProcess1/bpelprocess1_client</target.uri>
  </wire>
</composite>
